"forecast_id","month","region","product_type","forecast_units","actual_units","forecast_version"
FC-90231880,"2025-09",,Headphones,9241,9147.0,final
FC-39511681,"2025-01",,Earbuds,19157,15916.0,v3
FC-69887609,"2025/03",APAC,Headphones,19572,19422.0,v1
FC-51747494,"2025-05",,Portable PA,11845,12588.0,v3
FC-71506308,"2024/01",EU,Headphones,10330,9377.0,v2
FC-59755921,"2025-03",LATAM,Headphones,13474,12283.0,v1
FC-69162253,"2025-03",APAC,Headphones,11400,12779.0,v1
FC-10557413,"2025-03",LATAM,Headphones,8332,7449.0,v1
FC-14665360,"2025-03",LATAM,Speakers,13325,13021.0,v2
FC-31162395,"2025-04",EU,Portable PA,11225,13164.0,v2
FC-79778640,"2024-08",APAC,Speakers,11610,9665.0,v3
FC-48348999,"2024/09",LATAM,Portable PA,16547,17741.0,final
FC-97769788,"2025/08",,Speakers,7865,9000.0,v2
FC-74992054,"2024-06",APAC,Earbuds,13438,11372.0,v3
FC-61493961,"2025-08",,Headphones,17644,19437.0,v2
FC-98827620,"2025-01",,Portable PA,10107,9960.0,v3
FC-50361752,"2025-09",,Aviation Headsets,7756,8912.0,final
FC-36165060,"2024-01",,Home Theater,17402,13749.0,
FC-69311458,"2024-01",APAC,Speakers,3800,4324.0,final
FC-96391535,"2024-09",APAC,Aviation Headsets,15011,14591.0,v2
FC-66778506,"2024-11",APAC,Speakers,19030,19338.0,v3
FC-28991311,"2024-08",,Aviation Headsets,10415,9104.0,final
FC-29825510,"2025-08",LATAM,Headphones,15302,17032.0,final
FC-50280273,"2024-03",APAC,Portable PA,9991,9454.0,v2
FC-47461368,"2024-04",EU,Headphones,15855,13010.0,final
FC-37797283,"2025-10",,Portable PA,3682,4053.0,v2
FC-58571622,"2025-04",,Earbuds,14793,13407.0,final
FC-11536474,"2024-04",EU,Headphones,9155,10030.0,v1
FC-22818994,"2025-03",,Headphones,12062,13312.0,
FC-84854243,"2024/12",EU,Home Theater,16115,17917.0,v2
FC-43869458,"2024-05",LATAM,Earbuds,8801,8047.0,v3
FC-21534093,"2024-05",EU,Aviation Headsets,17736,16524.0,v3
FC-72786119,"2025-04",LATAM,Speakers,12065,12794.0,v2
FC-72549801,"2024-01",APAC,Portable PA,18266,18994.0,v1
FC-46511480,"2025-09",EU,Portable PA,13229,13054.0,v1
FC-71209636,"2025-10",,Speakers,12087,13236.0,final
FC-84642557,"2024-09",EU,Earbuds,10882,9426.0,v3
FC-23165230,"2024/08",,Headphones,16532,19068.0,v1
FC-89532127,"2025-01",LATAM,Home Theater,11179,11337.0,v1
FC-44707057,"2024-12",LATAM,Portable PA,17297,15935.0,v2
FC-76233616,"2025-12",EU,Portable PA,15301,13615.0,v1
FC-76177402,"2025-02",EU,Portable PA,10947,9932.0,final
FC-17232756,"2025-02",EU,Speakers,9439,9140.0,v3
FC-69909960,"2025-01",LATAM,Aviation Headsets,12538,12940.0,
FC-92006590,"2025-02",EU,Portable PA,8227,8314.0,
FC-17697593,"2024-10",LATAM,Speakers,13104,12199.0,v3
FC-89106801,"2025-01",,Speakers,9898,10781.0,v3
FC-53622358,"2024-02",LATAM,Aviation Headsets,18525,18446.0,final
FC-59921910,"2025-06",LATAM,Home Theater,8404,8260.0,v2
FC-25547956,"2025-06",LATAM,Speakers,12055,10376.0,v3
FC-89804090,"2025-05",LATAM,Home Theater,12352,13159.0,v3
FC-52572410,"2024-01",,Aviation Headsets,6803,6545.0,v3
FC-13808702,"2025-11",,Home Theater,16776,,final
FC-82437297,"2025-11",LATAM,Portable PA,14858,,v2
FC-74203041,"2024-10",LATAM,Earbuds,13809,14365.0,final
FC-99970671,"2024-10",,Home Theater,16060,19486.0,v3
FC-93886261,"2025-01",LATAM,Speakers,15070,14318.0,v2
FC-37610707,"2024-08",APAC,Speakers,6078,5643.0,final
FC-18510591,"2024-04",,Speakers,7592,7836.0,v1
FC-16963928,"2025-12",,Speakers,10208,,final
FC-43245615,"2025-01",EU,Speakers,12696,13320.0,final
FC-46607037,"2025/11",LATAM,Portable PA,9437,,v1
FC-91764997,"2025-04",LATAM,Speakers,10807,12218.0,v3
FC-68319852,"2024-04",LATAM,Aviation Headsets,14508,16445.0,v1
FC-55306727,"2025-10",APAC,Home Theater,14023,10872.0,v2
FC-54173390,"2025-09",APAC,Aviation Headsets,10952,10540.0,final
FC-54423278,"2024-07",LATAM,Home Theater,9387,9619.0,v2
FC-67476220,"2025-10",,Speakers,8789,8428.0,v3
FC-15611625,"2025-12",LATAM,Earbuds,16797,19551.0,
FC-33030431,"2024/03",,Home Theater,13331,14610.0,final
FC-27306602,"2024-06",EU,Headphones,20940,21583.0,final
FC-43167759,"2025-10",LATAM,Headphones,13102,11075.0,v2
FC-48142968,"2025-04",,Speakers,9281,9650.0,v3
FC-22352666,"2024-08",,Home Theater,12038,13811.0,v3
FC-15906681,"2024-10",APAC,Speakers,11688,9717.0,v3
FC-81085405,"2025-02",APAC,Aviation Headsets,17212,16031.0,final
FC-41466702,"2024-06",LATAM,Speakers,9719,9513.0,v3
FC-29777778,"2024-07",APAC,Earbuds,11990,10454.0,v1
FC-76460521,"2025-12",,Headphones,11981,,v3
FC-16244090,"2024/05",LATAM,Portable PA,7461,6671.0,final
FC-61731652,"2024/12",APAC,Earbuds,15720,15711.0,final
FC-45613554,"2025-11",EU,Headphones,10029,8829.0,v2
FC-13270506,"2024-09",,Speakers,9161,7864.0,final
FC-45143783,"2024/06",EU,Speakers,13672,15731.0,final
FC-26269988,"2024-05",LATAM,Home Theater,8888,7754.0,v3
FC-39515930,"2025-02",EU,Home Theater,6784,6225.0,v2
FC-92730697,"2024-06",LATAM,Portable PA,11252,11214.0,v1
FC-10904323,"2025-11",LATAM,Home Theater,13716,,
FC-98238851,"2024-07",,Aviation Headsets,7143,8094.0,v2
FC-70685101,"2025-05",EU,Home Theater,13185,10051.0,final
FC-58665330,"2024-02",EU,Home Theater,5444,6702.0,v3
FC-99250630,"2025-03",,Home Theater,10037,8161.0,v3
FC-83091415,"2025-04",LATAM,Home Theater,12817,14993.0,v1
FC-26909195,"2024-01",,Headphones,9529,8319.0,final
FC-73371922,"2024-09",APAC,Speakers,15765,16709.0,v3
FC-24583914,"2024-05",APAC,Earbuds,7417,8519.0,final
FC-33757008,"2025-07",LATAM,Headphones,20607,17858.0,final
FC-90504146,"2025-08",LATAM,Aviation Headsets,9301,10369.0,v3
FC-45694495,"2024-01",APAC,Headphones,11502,9460.0,v3
FC-60864675,"2024-11",APAC,Home Theater,9816,8254.0,v2
FC-33362425,"2025-07",APAC,Aviation Headsets,21749,18559.0,v3
FC-74949163,"2024-07",EU,Portable PA,17624,18963.0,v1
FC-59703149,"2025-11",APAC,Portable PA,4695,4344.0,v1
FC-45102184,"2025-04",,Portable PA,9238,11346.0,v3
FC-97097292,"2025-02",EU,Aviation Headsets,1649,1699.0,v2
FC-95156583,"2025-07",LATAM,Portable PA,18166,19270.0,v1
FC-72708248,"2024-04",EU,Speakers,14071,14723.0,v2
FC-85437617,"2024-01",LATAM,Headphones,9799,9110.0,final
FC-37840090,"2024-04",,Aviation Headsets,6544,7140.0,v3
FC-14384277,"2024-10",,Portable PA,9849,11232.0,v3
FC-43670975,"2025-06",EU,Aviation Headsets,16354,16449.0,v2
FC-55331747,"2025-03",LATAM,Earbuds,16095,13905.0,final
FC-64907719,"2024-07",,Earbuds,8040,7247.0,v1
FC-71419785,"2024-08",EU,Earbuds,10397,12237.0,v3
FC-81373471,"2025-02",APAC,Speakers,17193,18347.0,v1
FC-76584987,"2025-12",EU,Home Theater,11053,,final
FC-38663507,"2024-07",APAC,Speakers,4580,4441.0,final
FC-51401483,"2025-12",,Earbuds,13997,13324.0,final
FC-47980278,"2025-10",APAC,Headphones,11445,9657.0,v2
FC-34594921,"2025-03",EU,Headphones,10161,10671.0,v3
FC-71747184,"2025-05",LATAM,Earbuds,6657,7753.0,v3
FC-21913234,"2024-09",APAC,Earbuds,10388,9534.0,v2
FC-59926922,"2025-07",,Speakers,9894,8775.0,v2
FC-55504132,"2024-06",,Home Theater,15836,12754.0,final
FC-12659375,"2025-12",,Speakers,4032,,v2
FC-12157759,"2025-02",,Earbuds,9447,8901.0,v3
FC-97222928,"2025-03",EU,Earbuds,16083,18591.0,v2
FC-78634941,"2025-12",APAC,Earbuds,12013,,v1
FC-96044476,"2024-08",,Portable PA,9760,11705.0,v3
FC-86187215,"2025/02",APAC,Aviation Headsets,13657,12041.0,v2
FC-75977352,"2024-07",LATAM,Speakers,14043,13457.0,v1
FC-66883083,"2024-03",APAC,Home Theater,13418,16419.0,final
FC-52683515,"2025-04",,Home Theater,9422,10969.0,final
FC-89241607,"2025-08",,Home Theater,15444,15514.0,v1
FC-19787874,"2024-12",,Speakers,14525,12020.0,final
FC-99663970,"2024-04",EU,Portable PA,19420,18369.0,v3
FC-46317883,"2025-08",,Earbuds,11789,13608.0,v1
FC-59401887,"2024-03",,Speakers,14062,11553.0,final
FC-33824320,"2025-11",EU,Aviation Headsets,13997,,final
FC-65913008,"2024-01",EU,Portable PA,11950,13777.0,v1
FC-44998525,"2024-09",APAC,Portable PA,6036,6412.0,v3
FC-95533575,"2024/01",LATAM,Portable PA,7591,6138.0,
FC-16184765,"2025-10",LATAM,Speakers,5997,6763.0,v2
FC-39837454,"2025-01",APAC,Aviation Headsets,11048,12919.0,v3
FC-72792598,"2024-10",LATAM,Earbuds,10466,10929.0,v3
FC-73608536,"2024-03",,Home Theater,16226,17716.0,v2
FC-29537520,"2025-06",,Earbuds,9454,10035.0,v2
FC-92065163,"2025-12",APAC,Earbuds,7047,7554.0,v2
FC-91170867,"2025-04",LATAM,Headphones,9633,10350.0,final
FC-78902799,"2025-09",LATAM,Home Theater,7569,7940.0,v2
FC-60835741,"2025-05",LATAM,Headphones,20056,17804.0,final
FC-84488817,"2025-02",LATAM,Speakers,9801,8204.0,v1
FC-70370831,"2025-11",LATAM,Earbuds,8142,,final
FC-89070149,"2024-05",EU,Earbuds,13011,11139.0,v3
FC-30878276,"2025-03",APAC,Portable PA,10636,12538.0,final
FC-42087316,"2025-01",EU,Portable PA,10553,10554.0,v3
FC-40358841,"2025-11",LATAM,Portable PA,15593,,final
FC-62596933,"2025-03",EU,Aviation Headsets,8465,8456.0,v2
FC-22464668,"2024-03",APAC,Headphones,15130,17161.0,final
FC-22842098,"2025-07",LATAM,Aviation Headsets,21576,20923.0,v1
FC-92389426,"2024-03",,Speakers,18878,20255.0,v3
FC-62638197,"2024-04",EU,Earbuds,8342,9132.0,v1
FC-61985093,"2024-02",APAC,Earbuds,7132,6752.0,v1
FC-30827272,"2024-08",,Home Theater,10629,11110.0,final
FC-35612542,"2025-09",EU,Speakers,6589,5404.0,v2
FC-58028305,"2024-10",,Headphones,15095,16652.0,v2
FC-42865973,"2025-06",LATAM,Home Theater,10592,10384.0,v2
FC-31744196,"2025-11",EU,Home Theater,13927,11418.0,final
FC-24056178,"2024-06",APAC,Speakers,17765,17849.0,v3
FC-78785535,"2024-07",LATAM,Earbuds,14281,15901.0,v3
FC-93159351,"2024-05",LATAM,Headphones,12065,12493.0,final
FC-45254876,"2025-05",EU,Speakers,10019,11239.0,v2
FC-36936958,"2024-06",EU,Home Theater,3147,3365.0,final
FC-96522768,"2024-04",,Speakers,18047,21093.0,v3
FC-83114789,"2025-06",,Earbuds,9746,11152.0,v2
FC-37262011,"2024/02",LATAM,Earbuds,12378,12603.0,v2
FC-39444713,"2024-08",EU,Speakers,18133,17066.0,v3
FC-78777256,"2025-07",LATAM,Portable PA,1246,1499.0,v3
FC-28881869,"2025-04",APAC,Headphones,4316,4480.0,v3
FC-88369697,"2025-07",APAC,Home Theater,4306,4590.0,v2
FC-80960740,"2025-04",EU,Home Theater,12861,12265.0,v1
FC-96034295,"2025-10",APAC,Portable PA,11923,13742.0,v3
FC-44559076,"2024-03",APAC,Portable PA,11730,9750.0,v1
FC-55320894,"2024-11",APAC,Headphones,8763,9327.0,v3
FC-65007413,"2024-12",LATAM,Earbuds,9641,9779.0,final
FC-47807535,"2025-04",EU,Home Theater,9971,9820.0,final
FC-16584786,"2024-03",APAC,Home Theater,8677,9260.0,v2
FC-92279917,"2025-09",LATAM,Headphones,17680,18567.0,v1
FC-18286430,"2024-07",APAC,Headphones,7678,7867.0,v2
FC-22944987,"2025-04",APAC,Home Theater,12505,12755.0,v1
FC-83856348,"2025-05",LATAM,Headphones,4074,4419.0,v3
FC-12657149,"2025-06",LATAM,Home Theater,11763,11234.0,v3
FC-94832155,"2024-10",EU,Portable PA,4844,4127.0,v2
FC-82766327,"2024-09",EU,Speakers,7405,7815.0,v3
FC-33657078,"2024-08",LATAM,Aviation Headsets,5191,5713.0,v2
FC-33317220,"2025-01",APAC,Portable PA,4330,5313.0,v3
FC-23365863,"2024-09",EU,Home Theater,7864,7285.0,final
FC-73572364,"2025-08",EU,Home Theater,9754,8023.0,v3
FC-48179935,"2024-12",LATAM,Home Theater,17252,14946.0,
FC-86213212,"2024-07",APAC,Earbuds,16392,17413.0,v1
FC-33706459,"2025-09",LATAM,Portable PA,17359,18858.0,v3
FC-72261502,"2024-12",APAC,Speakers,14197,11948.0,final
FC-68457680,"2025-11",EU,Speakers,14989,17305.0,v2
FC-92209030,"2025-05",,Aviation Headsets,10460,9520.0,v3
FC-10234872,"2025-09",EU,Speakers,13911,11786.0,v2
FC-40016578,"2024-09",LATAM,Aviation Headsets,11599,12601.0,final
FC-11961883,"2024/08",,Aviation Headsets,7738,8206.0,v2
FC-46445506,"2024-09",LATAM,Portable PA,15311,16436.0,final
FC-14871997,"2025-09",LATAM,Home Theater,6225,6539.0,final
FC-54673225,"2024-12",APAC,Speakers,14033,15664.0,final
FC-10030233,"2024-07",APAC,Speakers,8890,9986.0,v3
FC-53744396,"2025-02",APAC,Headphones,18152,18932.0,v3
FC-49823189,"2024-05",LATAM,Headphones,15730,16999.0,final
FC-57948654,"2024-07",APAC,Headphones,13977,14174.0,v3
FC-52731988,"2024-09",EU,Speakers,10361,11183.0,
FC-57992864,"2025-03",EU,Headphones,1990,2288.0,v1
FC-94280492,"2024-03",APAC,Headphones,12459,13275.0,final
FC-70264785,"2025-06",LATAM,Speakers,5333,5942.0,final
FC-68101720,"2025-11",EU,Speakers,647,,final
FC-44036973,"2024-04",APAC,Speakers,18009,20807.0,final
FC-43496796,"2025-05",,Portable PA,12543,12298.0,v1
FC-50039438,"2025-01",,Earbuds,7120,8221.0,v1
FC-70815969,"2025-05",,Earbuds,9974,11370.0,v2
FC-27990806,"2024-12",,Portable PA,11158,8683.0,v1
FC-82058295,"2025-10",,Headphones,15139,15350.0,
FC-54782042,"2025-03",,Earbuds,17881,17787.0,v1
FC-22142919,"2024-06",EU,Headphones,11809,12834.0,v1
FC-67728578,"2025-11",,Headphones,13292,,v2
FC-64452720,"2025-05",,Speakers,5327,4867.0,v1
FC-21609527,"2025-04",LATAM,Speakers,11396,9645.0,
FC-11731821,"2024-03",EU,Speakers,8901,9591.0,final
FC-84076446,"2025-09",APAC,Aviation Headsets,10169,9087.0,final
FC-84259720,"2024-11",EU,Aviation Headsets,17891,19565.0,final
FC-93780495,"2025-08",APAC,Speakers,9607,10722.0,final
FC-57218121,"2025-09",LATAM,Home Theater,9804,11713.0,v3
FC-86295786,"2024-12",APAC,Home Theater,11825,13588.0,v3
FC-34690732,"2024-11",EU,Aviation Headsets,10910,12468.0,v1
FC-25154786,"2025-05",LATAM,Headphones,16858,18962.0,v3
FC-16686601,"2024-02",EU,Earbuds,10916,9210.0,final
FC-45839357,"2025-01",APAC,Speakers,11005,11629.0,v3
FC-63216171,"2025-08",LATAM,Home Theater,6239,5057.0,v3
FC-90151320,"2025-02",LATAM,Earbuds,14045,14397.0,v1
FC-79629658,"2024-10",EU,Earbuds,12055,10517.0,final
FC-10262340,"2025-08",EU,Speakers,7904,8215.0,v1
FC-79815973,"2024-05",LATAM,Earbuds,9926,8763.0,v2
FC-52328700,"2025-12",,Headphones,15559,,v1
FC-68833635,"2024-10",LATAM,Portable PA,9605,9583.0,final
FC-47481492,"2025-02",EU,Home Theater,11568,14166.0,
FC-37302819,"2025-03",,Earbuds,12953,14605.0,final
FC-99936547,"2024-07",APAC,Speakers,13888,12994.0,v2
FC-72096774,"2025-04",EU,Aviation Headsets,12355,10544.0,v2
FC-23526344,"2024-11",,Earbuds,7160,5935.0,final
FC-96214943,"2024-09",APAC,Aviation Headsets,12734,14748.0,v2
FC-46316843,"2024-07",,Speakers,4758,5269.0,v3
FC-49697510,"2024/06",EU,Speakers,9027,9152.0,v1
FC-87397443,"2024-09",APAC,Headphones,21684,24421.0,v2
FC-62990595,"2025-05",LATAM,Home Theater,15991,19297.0,v3
FC-62983111,"2025-04",,Aviation Headsets,13061,12441.0,v3
FC-82492750,"2024-08",LATAM,Speakers,9843,9109.0,final
FC-73911141,"2024-08",EU,Portable PA,13245,13687.0,v3
FC-94880914,"2025-09",,Portable PA,13064,16065.0,v1
FC-66357888,"2024-11",APAC,Home Theater,16674,20319.0,v3
FC-63532258,"2025-04",,Aviation Headsets,12343,10402.0,v1
FC-48608666,"2025-09",APAC,Aviation Headsets,9955,8455.0,v2
FC-36143145,"2024-12",EU,Aviation Headsets,5770,6581.0,v2
FC-88161032,"2025-03",APAC,Aviation Headsets,16585,15619.0,v1
FC-48843259,"2024-11",EU,Aviation Headsets,13370,11762.0,final
FC-51239921,"2024-05",,Home Theater,13216,11384.0,v2
FC-58633412,"2025-08",LATAM,Earbuds,9550,8473.0,final
FC-62128278,"2024-07",,Home Theater,16888,19093.0,final
FC-96480687,"2025-08",EU,Home Theater,19036,18206.0,v3
FC-53745988,"2024-03",,Headphones,15316,15419.0,final
FC-53619745,"2025-04",APAC,Headphones,14908,14107.0,v3
FC-84611559,"2025-04",LATAM,Aviation Headsets,6373,7127.0,final
FC-90229614,"2024/04",,Earbuds,16216,18096.0,final
FC-81777987,"2025-05",,Home Theater,11787,11486.0,v3
FC-49322197,"2024-11",APAC,Portable PA,13328,13593.0,v3
FC-79004642,"2024-02",EU,Aviation Headsets,13617,14647.0,v2
FC-12361349,"2025-08",APAC,Headphones,8263,7358.0,v3
FC-46502930,"2024-07",EU,Portable PA,6488,7557.0,v1
FC-27967086,"2025/01",EU,Headphones,5220,4594.0,v2
FC-85126078,"2024-04",,Speakers,10123,9742.0,v1
FC-41025954,"2025-12",LATAM,Earbuds,7649,,final
FC-90556182,"2024-07",LATAM,Earbuds,10383,9046.0,v3
FC-40816936,"2025-03",LATAM,Home Theater,2789,2821.0,v2
FC-98384999,"2024-11",APAC,Home Theater,12008,9816.0,v3
FC-75341749,"2025/10",LATAM,Home Theater,14020,14368.0,v2
FC-60192042,"2025-04",APAC,Aviation Headsets,6089,6667.0,v2
FC-26283261,"2024-01",APAC,Aviation Headsets,8353,9034.0,final
FC-98868674,"2024-07",LATAM,Headphones,13054,10753.0,final
FC-46748862,"2024-07",EU,Home Theater,19165,16539.0,
FC-58330397,"2024-03",EU,Portable PA,15133,12858.0,v3
FC-45103007,"2024-03",,Portable PA,6243,6116.0,v1
FC-77498846,"2024-09",LATAM,Earbuds,15543,14807.0,v1
FC-32712057,"2024-05",,Aviation Headsets,16472,16670.0,final
FC-87495793,"2025-01",,Portable PA,15049,13270.0,v1
FC-88624077,"2024-07",,Earbuds,7734,7415.0,v2
FC-88732042,"2024-07",,Headphones,12706,11626.0,final
FC-64545607,"2025-02",,Aviation Headsets,12433,10867.0,v2
FC-52028043,"2024-06",APAC,Headphones,13539,13540.0,v2
FC-76862072,"2025-10",,Portable PA,6659,7546.0,final
FC-71803533,"2024-10",LATAM,Portable PA,14103,14255.0,final
FC-64696504,"2024-05",LATAM,Earbuds,14560,16203.0,final
FC-31381282,"2024-05",,Home Theater,13536,15249.0,v1
FC-50161980,"2024-08",EU,Aviation Headsets,18518,21516.0,v1
FC-62833956,"2025-06",LATAM,Aviation Headsets,7065,8289.0,final
FC-25151509,"2025-06",LATAM,Aviation Headsets,9901,10716.0,
FC-39164053,"2024-08",APAC,Earbuds,10234,9930.0,v2
FC-80486577,"2025-10",EU,Headphones,9372,8806.0,v2
FC-45595954,"2025-12",EU,Speakers,9116,,final
FC-65691782,"2024-09",EU,Earbuds,11763,12131.0,v3
FC-37902678,"2024/07",APAC,Speakers,13921,11941.0,final
FC-48285081,"2025-11",EU,Portable PA,8242,,v2
FC-84145091,"2025-02",APAC,Portable PA,10549,10977.0,v2
FC-10482267,"2024-07",,Earbuds,14612,16959.0,final
FC-26431124,"2024-07",LATAM,Earbuds,17282,20067.0,v1
FC-53688913,"2024-12",,Portable PA,18051,15528.0,v2
FC-86775255,"2024-01",EU,Headphones,16218,15089.0,v2
FC-63082152,"2024-06",APAC,Speakers,9534,8120.0,v3
FC-72882738,"2024-10",APAC,Aviation Headsets,9209,9506.0,v2
FC-31794258,"2024-02",,Aviation Headsets,12860,14928.0,final
FC-79382722,"2024-02",EU,Home Theater,9983,11519.0,v2
FC-39732766,"2025-11",APAC,Portable PA,13362,14329.0,v1
FC-45606437,"2024-09",EU,Earbuds,11879,12385.0,v3
FC-84258062,"2024-02",LATAM,Speakers,14582,12848.0,final
FC-84534517,"2024-05",APAC,Earbuds,8384,8262.0,
FC-38789905,"2025-05",,Home Theater,11861,12484.0,v3
FC-31586380,"2024-03",EU,Earbuds,14136,12709.0,final
FC-55229656,"2025-07",,Headphones,14079,12673.0,final
FC-84607321,"2025-10",LATAM,Earbuds,11249,10404.0,v3
FC-94617901,"2024-11",LATAM,Aviation Headsets,18476,20601.0,v2
FC-85521843,"2024-04",,Headphones,12351,14410.0,final
FC-40541037,"2025/12",LATAM,Earbuds,10324,8491.0,v3
FC-53845474,"2024-12",,Earbuds,14205,12414.0,v1
FC-80714611,"2024-04",LATAM,Speakers,12537,10419.0,v2
FC-54766180,"2024-09",LATAM,Home Theater,9174,8482.0,final
FC-77156010,"2024-06",LATAM,Headphones,9442,9930.0,v1
FC-31503382,"2025-05",APAC,Home Theater,15881,17331.0,v2
FC-66587914,"2024-12",EU,Speakers,8285,9136.0,v2
FC-13568402,"2024-10",,Portable PA,6687,5218.0,v1
FC-80110440,"2024-06",,Aviation Headsets,8431,7715.0,v2
FC-81039876,"2024-04",,Home Theater,12668,14238.0,v2
FC-50925702,"2025-02",APAC,Portable PA,10909,9990.0,final
FC-95538203,"2024-12",,Earbuds,13243,14619.0,v1
FC-74678606,"2024-11",,Speakers,12535,11771.0,v2
FC-74595486,"2024-03",,Earbuds,11345,13364.0,v1
FC-77681382,"2024-04",EU,Portable PA,16267,17251.0,
FC-44541329,"2025-11",LATAM,Headphones,10759,,
FC-25252148,"2024-01",EU,Earbuds,11348,10640.0,v2
FC-52937577,"2024-01",LATAM,Earbuds,11658,11061.0,v1
FC-67272161,"2025-09",LATAM,Portable PA,9796,10920.0,final
FC-36068926,"2025-05",APAC,Speakers,18452,21293.0,v2
FC-48214865,"2024-05",LATAM,Portable PA,14540,14446.0,v2
FC-98962169,"2024-04",EU,Earbuds,9192,8469.0,final
FC-61355528,"2024-12",EU,Aviation Headsets,14814,16111.0,v2
FC-27219115,"2024-10",APAC,Headphones,11297,10742.0,v2
FC-13207922,"2024-05",,Earbuds,11625,11302.0,v3
FC-81514954,"2024-04",LATAM,Headphones,12731,11565.0,
FC-49454027,"2024/02",APAC,Portable PA,10367,11786.0,v2
FC-43836751,"2025-04",APAC,Portable PA,19348,23054.0,v2
FC-76925780,"2025-10",EU,Home Theater,15261,15826.0,v2
FC-65583451,"2025-06",APAC,Portable PA,5955,7062.0,final
FC-13300875,"2025-11",APAC,Headphones,4271,,v2
FC-99821297,"2024-03",APAC,Aviation Headsets,12780,12356.0,final
FC-62256240,"2025-05",EU,Speakers,9573,9234.0,final
FC-55079505,"2025-12",APAC,Headphones,18430,20562.0,v1
FC-57504851,"2025-05",EU,Earbuds,18641,18155.0,v2
FC-95704736,"2025-10",LATAM,Speakers,17892,19133.0,v1
FC-81211827,"2024-02",LATAM,Portable PA,8984,9093.0,final
FC-69589707,"2024-10",APAC,Portable PA,13475,14176.0,v2
FC-28506109,"2025-02",APAC,Aviation Headsets,17531,18574.0,final
FC-99409708,"2025-04",APAC,Aviation Headsets,8231,7253.0,v3
FC-37346986,"2025-02",,Earbuds,7363,8280.0,
FC-60913847,"2024-11",LATAM,Headphones,13551,13718.0,final
FC-19368913,"2025-12",,Speakers,2166,,v1
FC-61200737,"2025-07",,Speakers,9346,8620.0,v2
FC-41656377,"2024-02",,Headphones,11917,12697.0,final
FC-40452002,"2025-01",LATAM,Speakers,16020,13948.0,v2
FC-53557083,"2024-10",EU,Aviation Headsets,15324,16760.0,final
FC-73792029,"2025-04",APAC,Home Theater,8805,6760.0,final
FC-20216081,"2025-02",EU,Headphones,12854,13033.0,v3
FC-74064923,"2025-12",APAC,Speakers,12795,13761.0,v2
FC-48383128,"2025-01",LATAM,Aviation Headsets,8070,7386.0,v1
FC-82964722,"2024-09",APAC,Earbuds,12785,12779.0,v1
FC-11871141,"2024-07",EU,Speakers,6734,7849.0,final
FC-24771466,"2025-12",,Headphones,4250,4790.0,v3
FC-48629286,"2025-08",LATAM,Earbuds,7925,7683.0,v1
FC-48355997,"2025-01",EU,Earbuds,20957,18679.0,v2
FC-32656094,"2025-08",EU,Portable PA,12555,15093.0,v1
FC-44840955,"2025-06",,Aviation Headsets,10999,11826.0,v1
FC-27559396,"2024-02",APAC,Earbuds,6265,5454.0,v1
FC-46326356,"2025-03",EU,Home Theater,7032,5931.0,final
FC-52692310,"2024-08",LATAM,Earbuds,21157,22632.0,v2
FC-38044892,"2025-02",LATAM,Portable PA,8643,7757.0,final
FC-42163499,"2025-05",LATAM,Headphones,13320,15185.0,final
FC-43136005,"2025-08",EU,Aviation Headsets,13307,11052.0,v1
FC-11792122,"2025-05",APAC,Speakers,15971,14501.0,v2
FC-25587924,"2024-04",LATAM,Aviation Headsets,7420,6490.0,v1
FC-94267444,"2024-01",EU,Speakers,11573,13399.0,v2
FC-83003092,"2024-02",APAC,Portable PA,16948,13042.0,final
FC-75320206,"2025-08",EU,Speakers,7875,9065.0,v2
FC-10927835,"2025-08",,Speakers,8324,8656.0,v2
FC-72550799,"2025-10",APAC,Home Theater,5914,7350.0,final
FC-98098987,"2024/10",LATAM,Earbuds,8048,7270.0,final
FC-10400576,"2024-05",APAC,Portable PA,9274,6998.0,v2
FC-68702983,"2024-06",EU,Speakers,14859,15421.0,v1
FC-53347635,"2024-12",EU,Speakers,17618,17735.0,v3
FC-71283525,"2025-01",APAC,Home Theater,7265,7671.0,v3
FC-26393063,"2024-03",,Earbuds,18319,17398.0,v2
FC-53417181,"2025-08",APAC,Earbuds,15683,13840.0,v2
FC-22331517,"2024-10",,Portable PA,12596,14739.0,v1
FC-96938308,"2024-10",LATAM,Home Theater,12256,10086.0,
FC-56298520,"2024-04",EU,Speakers,7700,6416.0,final
FC-97200491,"2025-03",EU,Headphones,6762,7022.0,final
FC-79171739,"2025-01",APAC,Aviation Headsets,10957,11782.0,v1
FC-16848332,"2025-01",APAC,Headphones,5303,5333.0,final
FC-53868902,"2025-12",LATAM,Earbuds,7692,6565.0,v2
FC-89388174,"2025-06",,Home Theater,9818,8156.0,v2
FC-62209199,"2024/11",APAC,Headphones,13811,15130.0,v2
FC-68254391,"2025-04",EU,Aviation Headsets,23885,26229.0,final
FC-36084668,"2024-03",,Home Theater,11707,14627.0,final
FC-69188116,"2025-04",,Speakers,10344,8656.0,v3
FC-81178751,"2025-08",LATAM,Portable PA,2248,2783.0,final
FC-62781247,"2024-11",EU,Home Theater,10412,8545.0,final
FC-89173375,"2024-03",APAC,Earbuds,14231,13247.0,final
FC-51477802,"2024-01",EU,Headphones,11620,13203.0,final
FC-62238220,"2025-09",LATAM,Portable PA,10971,11880.0,v2
FC-32734700,"2025-07",LATAM,Speakers,11057,12062.0,v2
FC-33766966,"2025-05",EU,Headphones,11086,11106.0,v3
FC-64410037,"2025-12",LATAM,Earbuds,17897,,final
FC-14299350,"2025-02",LATAM,Earbuds,8016,6895.0,v3
FC-89240981,"2025-05",LATAM,Portable PA,14627,15104.0,v2
FC-17044637,"2025-01",LATAM,Earbuds,12246,10994.0,v2
FC-82593208,"2024-03",APAC,Portable PA,16432,19323.0,v3
FC-84777045,"2025-12",,Speakers,12319,10120.0,v3
FC-97278034,"2024-03",LATAM,Speakers,9559,10186.0,v3
FC-52538825,"2025/10",EU,Aviation Headsets,6417,5892.0,v3
FC-83645249,"2024-02",LATAM,Earbuds,15752,14379.0,final
FC-58424776,"2025-10",,Speakers,13917,15562.0,final
FC-33573575,"2024-08",,Earbuds,9592,10974.0,final
FC-94893079,"2024-06",EU,Speakers,12191,10675.0,final
FC-63109391,"2024-06",EU,Aviation Headsets,10280,12021.0,v3
FC-94867258,"2024-10",EU,Earbuds,9607,9197.0,v1
FC-11982173,"2025-05",,Portable PA,4591,4951.0,v1
FC-53795046,"2024/12",,Speakers,9024,10461.0,final
FC-48051562,"2025-12",EU,Aviation Headsets,8322,,final
FC-10243312,"2025-03",,Earbuds,17885,16296.0,v1
FC-40739328,"2025-05",LATAM,Speakers,14114,12707.0,v3
FC-41378059,"2025-01",EU,Speakers,15759,15799.0,v2
FC-40655962,"2024-03",EU,Aviation Headsets,15555,16119.0,v2
FC-93939575,"2025-01",EU,Home Theater,16992,13643.0,
FC-84896571,"2025-10",LATAM,Headphones,10044,9309.0,v3
FC-33721993,"2025-02",,Earbuds,14764,15148.0,v1
FC-24769095,"2025-10",LATAM,Headphones,649,583.0,v1
FC-79214264,"2025-02",,Aviation Headsets,9598,10660.0,final
FC-21190057,"2025-02",,Earbuds,16866,16042.0,v3
FC-98897107,"2024-09",,Home Theater,1658,1529.0,v1
FC-35248961,"2025-08",APAC,Speakers,12258,11794.0,final
FC-34057511,"2025/08",,Aviation Headsets,19658,21546.0,final
FC-34128407,"2025-09",,Earbuds,13046,15050.0,final
FC-90695952,"2024-03",LATAM,Earbuds,13349,11427.0,v2
FC-42265724,"2024-06",APAC,Home Theater,8467,9069.0,v3
FC-96484899,"2024-06",APAC,Headphones,6305,5605.0,v3
FC-42284720,"2024-09",APAC,Headphones,8494,7865.0,v2
FC-91844420,"2025-06",LATAM,Headphones,9471,10939.0,v3
FC-35105835,"2025-05",LATAM,Portable PA,15760,11920.0,v2
FC-39058483,"2025/09",EU,Headphones,16063,17619.0,v2
FC-93352809,"2024/08",EU,Speakers,12746,13712.0,v1
FC-46097475,"2024-09",APAC,Headphones,5281,4367.0,final
FC-44411596,"2024-08",APAC,Aviation Headsets,8557,9996.0,
FC-33724365,"2025-01",,Speakers,24867,26114.0,final
FC-51465427,"2024-10",APAC,Portable PA,9745,9238.0,v3
FC-94442129,"2025-07",LATAM,Speakers,12550,12259.0,v1
FC-62627251,"2024/06",EU,Headphones,8945,8853.0,v3
FC-92615696,"2025-07",APAC,Aviation Headsets,10222,10954.0,final
FC-32250251,"2024-07",APAC,Speakers,9778,10475.0,v3
FC-43660276,"2025/02",EU,Aviation Headsets,8303,9587.0,v1
FC-75606847,"2025-11",LATAM,Home Theater,13304,,final
FC-61932338,"2025-06",APAC,Aviation Headsets,11673,11656.0,v3
FC-25767558,"2024-10",EU,Earbuds,13514,13967.0,final
FC-68541688,"2024-07",APAC,Aviation Headsets,18133,15127.0,final
FC-39802429,"2025-10",EU,Earbuds,9705,11153.0,v2
FC-69340213,"2024-06",EU,Speakers,13594,14188.0,v2
FC-21539146,"2024-02",LATAM,Home Theater,8352,8994.0,final
FC-74190120,"2025-04",APAC,Portable PA,7120,5706.0,final
FC-49658459,"2025-03",APAC,Portable PA,7648,7413.0,v2
FC-60603308,"2025-02",,Headphones,12095,12459.0,v2
FC-40196404,"2025-11",,Aviation Headsets,12717,10878.0,final
FC-45663434,"2024-01",,Home Theater,9905,10875.0,final
FC-91001787,"2025-10",,Headphones,10584,11365.0,v3
FC-97478217,"2025-08",APAC,Headphones,12102,12058.0,v3
FC-16408071,"2024-05",LATAM,Home Theater,14095,16020.0,final
FC-33741096,"2024-11",,Portable PA,12644,11737.0,v1
FC-90781994,"2025-07",LATAM,Headphones,6994,6206.0,v1
FC-60938620,"2025-02",APAC,Earbuds,17138,18970.0,v1
FC-21720381,"2025-03",APAC,Portable PA,11057,10349.0,final
FC-27483634,"2025-04",APAC,Portable PA,10978,13615.0,v3
FC-46917545,"2024-03",EU,Headphones,16001,13187.0,v3
FC-44544940,"2024-06",LATAM,Home Theater,18920,14288.0,v3
FC-11702297,"2025-04",LATAM,Speakers,6331,6825.0,v2
FC-35998550,"2024-06",,Home Theater,14470,17650.0,v2
FC-92349790,"2025-04",APAC,Portable PA,9748,11899.0,v1
FC-56512343,"2025/03",LATAM,Speakers,17279,19519.0,final
FC-70102658,"2024-12",EU,Earbuds,15861,17766.0,v1
FC-39481268,"2025-04",,Aviation Headsets,11445,10945.0,v2
FC-86711162,"2025-05",APAC,Aviation Headsets,12919,11877.0,final
FC-42374868,"2024-04",LATAM,Earbuds,8852,7801.0,final
FC-60155680,"2025-12",APAC,Headphones,12014,,v1
FC-55592913,"2024-10",LATAM,Portable PA,6282,7127.0,v1
FC-33039915,"2025-08",LATAM,Home Theater,14888,12881.0,final
FC-59303223,"2024-07",EU,Earbuds,10094,11488.0,final
FC-75691133,"2025-09",APAC,Speakers,10573,9498.0,v3
FC-69390144,"2024-03",APAC,Aviation Headsets,12800,13158.0,final
FC-40705913,"2024-06",EU,Home Theater,5982,5287.0,v1
FC-96073215,"2024-02",EU,Earbuds,12217,12356.0,final
FC-76770638,"2025-06",EU,Headphones,17712,19467.0,v1
FC-17888949,"2024-02",EU,Home Theater,11577,12546.0,
FC-81385368,"2025-01",LATAM,Speakers,14505,12975.0,v1
FC-61738168,"2024-07",EU,Headphones,8028,7615.0,v3
FC-17538135,"2024-06",LATAM,Aviation Headsets,7437,6213.0,v2
